359.614,2066.29,133.679,115
359.614,3475.84,133.679,115
356.395,3479.84,135.167,115
357.447,3472.43,134.681,115
357.447,3465.46,134.681,115
360.027,3464.77,133.487,115
357.394,3679.44,134.705,115
357.394,3667.49,134.705,115
356.899,3448.03,134.934,115
361.515,3591,132.799,115
360.941,3577.69,133.065,115
365.042,3694.01,131.168,115
362.754,3681.85,132.226,115
361.738,3411.28,132.696,115
362.249,3516.17,132.46,115
370.624,3503.16,128.586,115
370.326,3397.36,128.724,115
370.326,3385.01,128.724,115
372.737,3497.12,127.609,115
372.737,3486.01,127.609,115
376.096,3626.15,126.056,115
375.712,3613.87,126.233,115
376.334,3598.6,125.945,115
378.674,3492.48,124.863,115
381.953,3584.65,123.347,115
380.66,3573.49,123.945,115
380.412,3561.21,124.059,115
385.872,3552.8,121.534,115
385.872,3540.74,121.534,115
385.366,3541.1,121.768,115
385.366,3529.88,121.768,115
392.111,3498.95,118.648,115
388.435,3479.49,120.349,115
395.002,3456.68,117.312,115
395.002,3445.55,117.312,115
394.766,3449.11,117.421,115
394.766,3436.9,117.421,115
395.159,3423.3,117.239,115
395.159,3411.18,117.239,115
396.292,3411.18,116.715,115
396.337,3417.45,116.694,115
398.845,3416.18,115.534,115
405.494,3422.26,115,115
408.495,3411.16,115,115
408.495,3400.02,115,115
407.642,3400.02,115,115
405.677,3293.06,115,115
405.677,3280.7,115,115
412.676,3280.7,115,115
406.318,3415.19,115,115
413.207,3403.13,115,115
415.515,3262.86,115,115
414.557,3250.8,115,115
414.557,3238.74,115,115
414.94,3237.42,115,115
415.115,3226.02,115,115
421.622,3130.83,115,115
421.622,3118.48,115,115
424.864,3089.01,115,115
422.581,3078.2,115,115
430.157,3057.35,115,115
429.089,3045.29,115,115
432.332,3049.74,115,115
430.431,3029.16,115,115
438.707,3013.69,115,115
438.707,3001.34,115,115
439.566,3017.24,115,115
440.444,3003.22,115,115
440.444,2991.82,115,115
415.021,2958.77,115,115
415.021,2946.71,115,115
418.609,2950.99,115,115
418.647,2938.63,115,115
419.333,2932.28,115,115
418.622,2921.17,115,115
422.018,2914.7,115,115
421.828,2902.35,115,115
427.33,2901.28,115,115
426.395,2889.22,115,115
422.042,2871.01,115,115
433.524,2864.66,115,115
433.445,2852.31,115,115
432.954,2855.11,115,115
437.577,2856.88,115,115
441.606,2844.82,115,115
435.07,2834.76,115,115
443.203,2830.03,115,115
442.464,2818.93,115,115
447.572,2807.69,115,115
444.553,2792.12,115,115
444.553,2780.06,115,115
451.478,2780.55,115,115.38
448.522,2773.01,115,115
451.592,2760.95,115,115.409
451.798,2755.22,115,115.462
451.472,2742.86,115,115.378
452.482,2749.17,115,115.638
452.482,2738.07,115,115.638
456.994,2736.6,115,116.797
456.821,2724.24,115,116.753
456.398,2720.22,115,116.644
456.398,2708.82,115,116.644
459.582,2708.82,115,117.462
460.747,2718.67,115,117.761
459.524,2706.61,115,117.447
459.524,2694.25,115,117.447
466.882,2693.05,115,119.338
466.045,2681.95,115,119.123
459.587,2675.07,115,117.463
470.04,2648.46,115,120.149
473.773,2643.37,115,121.108
473.122,2631.01,115,120.941
474.235,2629.4,115,121.227
474.235,2618.3,115,121.227
479.568,2632.45,115,122.597
479.568,2620.09,115,122.597
477.406,2609.68,115,122.042
478.324,2743.36,115,122.278
486.544,2731.97,115,124.39
490.703,2733.69,115,125.458
489.594,2721.77,115,125.173
489.816,2702.42,115,125.23
489.816,2690.14,115,125.23
489.493,2690.14,115,125.148
485.305,2691.64,115,124.071
485.305,2680.66,115,124.071
484.63,2680.66,115,123.898
486.798,2701.99,115,124.455
485.866,2689.83,115,124.216
493.685,2680.08,115,126.225
506.312,2699.47,115,129.469
505.605,2688.3,115,129.287
507.565,2676,115,129.791
509.941,2670.68,115,130.402
515.407,2658.06,115,131.806
515.407,2645.75,115,131.806
519.948,2657.04,115,132.973
516.098,2705.05,115,131.984
522.45,2623.6,115,133.616
522.45,2610.29,115,133.616
523.086,2581.18,115,133.779
523.086,2568.17,115,133.779
522.359,2615.48,115,133.592
529.536,2602.33,115,135.436
530.408,2409.47,115,135.66
530.408,2397.12,115,135.66
533.839,2635.02,115,136.542
532.741,2382.51,115,136.26
531.913,2610.13,115,136.047
528.998,2554.49,115,135.298
528.998,2542.43,115,135.298
559.091,2374.85,115,143.03
557.76,2362.16,115,142.688
559.16,2339.7,115,143.048
559.407,2609.94,115,143.112
559.407,2596.89,115,143.112
559.072,2596.89,115,143.025
559.072,2583.87,115,143.025
559.195,2355.98,115,143.057
550.883,2484.88,115,140.921
550.883,2472.85,115,140.921
550.116,2472.85,115,140.724
550.557,2383.09,115,140.838
577.318,2288.45,115,147.714
577.318,2275.78,115,147.714
579.415,2433.71,115,148.252
580.483,2245.02,115,148.527
579.775,2464.63,115,148.345
579.775,2451.62,115,148.345
579.763,2240.28,115,148.342
578.475,2227.96,115,148.011
578.197,2459.38,115,147.939
578.197,2446.36,115,147.939
587.16,2201.36,115,150.243
579.101,2431.16,115,148.172
578.986,2418.16,115,148.142
588.467,2352.33,115,150.578
586.725,2376.75,115,150.131
586.615,2364.73,115,150.102
587.822,2431.78,115,150.413
586.452,2418.8,115,150.061
586.452,2405.76,115,150.061
587.948,2358.92,115,150.445
585.507,2345.92,115,149.818
586.782,2333.9,115,150.145
586.782,2320.9,115,150.145
578.295,2385.19,115,147.965
577.466,2259.3,115,147.752
576.872,2246.43,115,147.599
577.543,2287.86,115,147.771
577.543,2274.86,115,147.771
577.245,2274.86,115,147.695
577.795,2238.35,115,147.836
577.326,2225.48,115,147.716
578.117,2190.71,115,147.919
579.075,2213.36,115,148.165
577.585,2200.47,115,147.782
579.407,2176.3,115,148.25
577.965,2163.4,115,147.88
577.597,2196.42,115,147.785
576.396,2183.63,115,147.477
570.153,2180.37,115,145.873
568.333,2168.47,115,145.405
571.739,2183.33,115,146.28
569.471,2170.6,115,145.697
570.657,2141.73,115,146.002
569.019,2128.84,115,145.581
563.354,2213.1,115,144.126
562.705,2176.06,115,143.959
559.769,2163.05,115,143.204
556.918,2150.05,115,142.472
550.672,2049.09,115,140.867
547.899,2036.33,115,140.155
535.975,2047.97,115,137.091
535.975,2035.25,115,137.091
533.717,2035.25,115,136.511
531.379,2028.05,115,135.91
529.601,2015.31,115,135.453
533.797,2036.79,115,136.531
531.245,2024.08,115,135.876
532.002,2007.16,115,136.07
532.002,1994.43,115,136.07
530.959,2076.65,115,135.802
529.592,2063.64,115,135.451
528.549,1987.09,115,135.183
523.615,2034.33,115,133.915
523.615,2022.33,115,133.915
521.982,2022.33,115,133.495
524.755,2033.5,115,134.208
524.755,2020.51,115,134.208
522.136,2020.51,115,133.535
517.982,1998.28,115,132.467
517.982,1985.29,115,132.467
516.637,1985.29,115,132.122
514.459,2024.47,115,131.562
511.517,2011.5,115,130.806
516.673,1986.15,115,132.131
514.221,1974.16,115,131.501
513.613,1963.33,115,131.345
513.613,1949.34,115,131.345
510.998,1949.34,115,130.673
513.87,1957.93,115,131.411
511.554,1944.96,115,130.816
511.935,1927.89,115,130.914
509.135,1914.9,115,130.194
507.185,1937.23,115,129.693
507.185,1926.25,115,129.693
505.779,1926.25,115,129.332
505.405,1906.74,115,129.236
505.405,1894.77,115,129.236
503.731,1894.77,115,128.806
501.96,1885.61,115,128.351
500.283,1873.63,115,127.92
494.889,1864.24,115,126.534
492.385,1852.27,115,125.891
494.941,1857.86,115,126.547
492.645,1846.88,115,125.957
494.896,1847.28,115,126.536
492.312,1836.79,115,125.872
483.21,1816.19,115,123.533
481.444,1804.22,115,123.079
483.855,1815.02,115,123.699
483.538,1797.26,115,123.617
481.233,1785.29,115,123.025
479.506,1795.02,115,122.582
477.694,1783.04,115,122.116
477.074,1775.23,115,121.957
474.627,1763.26,115,121.328
474.271,1767.15,115,121.236
471.981,1756.17,115,120.648
471.534,1742.04,115,120.533
470.098,1732.27,115,120.164
470.098,1720.28,115,120.164
469.016,1720.28,115,119.886
469.016,1708.31,115,119.886
466.834,1708.31,115,119.325
465.81,1699.44,115,119.062
465.81,1687.47,115,119.062
463.271,1687.47,115,118.41
462.251,1710.2,115,118.148
462.251,1699.23,115,118.148
460.789,1699.23,115,117.772
463.042,1706.33,115,118.351
463.042,1694.35,115,118.351
460.294,1694.35,115,117.645
455.226,1701.21,115,116.343
457.796,1707.24,115,117.003
453.195,1668.88,115,115.821
453.195,1656.94,115,115.821
450.444,1656.94,115,115.114
453.094,1648.35,115,115.795
453.094,1636.42,115,115.795
455.087,1626.29,115,116.307
455.087,1614.35,115,116.307
452.645,1610.24,115,115.68
451.004,1598.3,115,115.258
439.861,1601.98,115,115
439.861,1590.04,115,115
437.62,1590.04,115,115
440.785,1578.25,115,115
446.227,1572.05,115,115
444.542,1560.11,115,115
438.601,1551.72,115,115
438.601,1539.78,115,115
436.941,1539.78,115,115
442.022,1550.14,115,115
440.892,1539.2,115,115
437.151,1518.02,115,115
435.718,1507.08,115,115
438.035,1506.72,115,115
437.464,1494.79,115,115
440.022,1520.6,115,115
439.329,1509.66,115,115
440.832,1502.2,115,115
440.832,1489.26,115,115
439.094,1485.59,115,115
447.83,1474.69,115,115
463.9,1472.62,115,118.572
537.986,1458.44,115,137.608
585.858,1446.55,115,149.908
590.04,1449.14,115,150.983
590.147,1436.24,115,151.01
662.208,1429.32,115,169.526
662.354,1416.42,115,169.563
720.31,1429.04,115,184.455
719.938,1414.23,115,184.359
761.791,1401.26,115,195.113
761.599,1465.28,115,195.064
772.067,1463.25,115,197.753
771.339,1447.22,115,197.566
779.696,1467.52,115,199.714
779.119,1461.5,115,199.565
764.957,1428.83,115,195.927
764.754,1555.75,115,195.874
749.253,1522.22,115,191.892
743.03,2015,115,190.293
743.03,2010.55,115,190.293
742.364,2010.55,115,190.121
741.995,1995.98,115,190.026
748.579,1993.25,115,191.718
748.518,1978.67,115,191.703
741.086,1983.24,115,189.793
740.755,1967.44,115,189.708
748.958,1973.33,115,191.816
748.958,1958.25,115,191.816
747.655,1958.25,115,191.481
749.938,1963.4,115,192.067
750.293,1947.51,115,192.159
749.433,1944.55,115,191.938
748.822,1939.38,115,191.781
742.862,1942.2,115,190.249
742.596,1936.86,115,190.181
748.995,1934.13,115,191.825
748.995,1919.55,115,191.825
744.074,1927.18,115,190.561
744.074,1921.75,115,190.561
747.721,1915.52,115,191.498
747.147,1910.77,115,191.35
750.805,1905.25,115,192.29
749.695,1903.11,115,192.005
746.347,1904.19,115,191.145
746.347,1900.99,115,191.145
746.11,1900.99,115,191.084
738.173,1903.28,115,189.044
738.173,1901.86,115,189.044
737.26,1901.86,115,188.81
746.647,1887.54,115,191.222
746.647,1904.13,115,191.222
746.625,1904.13,115,191.216
736.323,1886.55,115,188.569
736.051,1905.01,115,188.499
736.051,1899.89,115,188.499
735.292,1899.89,115,188.304
742.41,1892.54,115,190.133
735.642,1894.44,115,188.394
735.642,1903.12,115,188.394
734.867,1903.12,115,188.195
740.374,1897.07,115,189.61
739.838,1905.68,115,189.472
749.393,1897.41,115,191.927
749.807,1904.07,115,192.034
739.521,1909.74,115,189.391
752.746,1910.49,115,192.789
752.362,1915.4,115,192.69
741.815,1922.12,115,189.98
747.531,1934.61,115,191.449
747.875,1943.1,115,191.537
747.088,1948.04,115,191.335
739.473,1952.86,115,189.378
750.838,1971.73,115,192.299
749.959,1968.3,115,192.073
747.553,1965.81,115,191.455
747.633,2000.53,115,191.475
743.495,1985.98,115,190.412
736.764,1996.57,115,188.682
736.885,2001.95,115,188.713
740.405,2028.58,115,189.618
740.405,2036.98,115,189.618
739.434,2036.98,115,189.369
732.613,2048.99,115,187.616
732.469,2054.99,115,187.579
732.469,2072.18,115,187.579
732.072,2072.18,115,187.477
737.792,2079.17,115,188.946
736.811,2085.01,115,188.695
746.113,2089.48,115,191.085
746.259,2106.54,115,191.122
743.078,2119.22,115,190.305
750.431,2140.63,115,192.194
749.559,2153.49,115,191.97
742.368,2167.62,115,190.122
742.368,2193.4,115,190.122
741.819,2193.4,115,189.981
742.91,2210.15,115,190.261
742.848,2234.89,115,190.246
739.148,2246.86,115,189.295
738.487,2289.28,115,189.125
741.597,2284.44,115,189.924
735.814,2287.41,115,188.438
735.814,2351.08,115,188.438
735.148,2351.08,115,188.267
736.594,2341.71,115,188.639
736.201,2367.28,115,188.538
741.965,2344.81,115,190.019
741.396,2359.54,115,189.872
741.976,2375,115,190.022
741.204,2399.03,115,189.823
734.752,2404.54,115,188.166
734.752,2427.99,115,188.166
735.171,2427.99,115,188.273
735.171,2460.48,115,188.273
733.69,2460.48,115,187.893
734.51,2481.65,115,188.103
734.496,2515.48,115,188.1
734.496,2546.32,115,188.1
734.525,2546.32,115,188.107
735.293,2559.58,115,188.304
734.861,2592.71,115,188.194
737.854,2608.61,115,188.963
737.456,2642.78,115,188.86
741.722,2658.43,115,189.956
740.117,2703.93,115,189.544
735.066,2709.17,115,188.246
734.431,2768.5,115,188.083
732.486,2782.84,115,187.583
731.664,2837.19,115,187.372
737.86,2843.21,115,188.964
737.043,2906.5,115,188.754
730.918,2919.17,115,187.18
730.918,2972.39,115,187.18
730.931,2972.39,115,187.184
724.271,2920.01,115,185.472
723.568,3063.53,115,185.292
733.543,3067.39,115,187.855
733.09,3143.81,115,187.738
732.047,3079.68,115,187.47
732.047,3154.1,115,187.47
732.178,3168.38,115,187.504
731.285,3251.02,115,187.275
725.667,3257.26,115,185.831
725.056,3345.79,115,185.674
725.843,3350.22,115,185.876
725.843,3456.72,115,185.876
725.45,3456.72,115,185.775
726.058,3488.16,115,185.932
726.058,3528.56,115,185.932
725.977,3528.56,115,185.911
725.195,3514.95,115,185.71
725.348,3520.52,115,185.749
725.348,3505.92,115,185.749
723.596,3505.92,115,185.299
722.3,3508.62,115,184.966
722.3,3494.01,115,184.966
720.464,3494.01,115,184.494
715.902,3494.4,115,183.322
715.902,3628.51,115,183.322
713.582,3628.51,115,182.726
717.359,3620.16,115,183.696
714.551,3605.1,115,182.975
715.61,3600.22,115,183.247
709.193,3592.72,115,181.598
709.193,1744.94,115,181.598
706.46,1744.94,115,180.896
707.47,1749.92,115,181.156
705.072,1673.43,115,180.539
709.223,1666.31,115,181.606
706.252,1651.44,115,180.843
698.566,1621.86,115,178.868
698.566,1551.1,115,178.868
700.458,1595.38,115,179.354
700.458,1536.06,115,179.354
696.478,1536.06,115,178.331
696.46,1493.51,115,178.327
696.46,1478.87,115,178.327
691.944,1494.54,115,177.166
691.944,1431.34,115,177.166
688.483,1431.34,115,176.277
694.545,1431.73,115,177.834
691.201,1385.71,115,176.975
681.573,1394.67,115,174.502
677.866,1342.59,115,173.549
673.454,1301.12,115,172.415
681.635,1301.65,115,174.517
678.132,1253.16,115,173.617
673.242,1219.81,115,172.361
675.115,1217.2,115,172.842
675.115,1163.93,115.832,172.044
670.481,1163.93,115.844,170.859
662.861,1179.29,115,169.693
657.671,1137.31,119.727,164.189
662.543,1143.85,118.725,166.248
663.422,1122.07,121.803,163.667
663.422,1093.13,125.903,159.95
660.66,1102.02,124.728,160.421
660.66,1061.73,130.472,155.28
652.501,1070.41,129.596,154.464
647.807,1042.32,133.962,149.855
650.95,1048.89,132.822,151.399
646.949,1018.91,137.479,146.748
646.949,1003.69,139.733,144.858
638.2,996.716,141.435,142.067
634.077,983.696,143.749,139.58
632.615,977.939,144.757,138.566
632.615,984.146,143.801,139.317
625.359,984.146,144.397,137.739
630.269,984.056,144.008,138.796
625.93,973.029,146.095,136.535
623.342,957.153,148.828,134.092
611.062,967.133,148.354,132.651
609.355,956.621,150.232,131.068
605.067,959.832,150.103,130.53
605.614,941.618,153.068,128.552
601.313,950.82,151.962,128.704
601.313,949.688,152.151,128.575
595.814,945.791,153.349,126.98
583.779,948.892,153.998,124.802
590.126,948.501,153.445,126.091
590.126,934.575,155.844,124.536
588.307,943.271,154.529,125.127
575.937,946.707,155.155,122.917
577.584,949.417,154.51,123.558
570.237,949.692,155.177,122.044
563.63,943.252,157.005,119.972
559.504,970.941,152.272,122.025
554.725,967.448,153.349,120.635
556.618,967.529,153.165,121.048
556.618,975.172,151.733,121.849
552.27,975.172,152.108,120.912
552.05,976.436,151.887,120.995
547.486,973.956,152.753,119.755
539.872,990.209,150.247,119.763
539.872,993.113,149.681,120.057
490.479,993.113,153.548,109.222
537.648,998.706,148.759,120.133
537.648,986.433,151.163,118.895
366.946,986.433,169.994,99.7922
370.1,1015.65,162.535,102.201
370.1,1003.34,165.208,101.186
332.833,1003.34,178.78,101.186
331.586,1014.11,177.139,102.074
301.164,1012.93,188.62,101.976
316.668,1004.1,184.527,101.248
290.978,1038.99,187.932,104.128
298.797,1033.76,185.839,103.696
275.308,1080.93,187.169,107.598
279.978,1082.64,184.972,107.741
279.978,1129.73,177.186,111.649
272.185,1129.73,180.605,111.649
266.716,1151.86,179.511,113.489
265.766,1166.55,177.627,114.712
263.075,2950.36,178.328,115
256.412,2952.75,181.409,115
247.806,2937.05,185.39,115
247.806,2921.96,185.39,115
246.398,2921.96,186.041,115
256.403,2919.95,181.414,115
255.291,2905.05,181.928,115
251.094,2899.31,183.869,115
251.094,2884.21,183.869,115
251.909,2885.77,183.492,115
256.472,2879.37,181.382,115
256.472,2864.51,181.382,115
264.003,2864.51,177.899,115
264.276,2858.45,177.772,115
264.276,2844.55,177.772,115
273.706,2844.55,173.411,115
279.907,2844.36,170.543,115
290.201,2829.69,165.782,115
287.57,2829.9,166.999,115
316.695,2816,153.529,115
316.627,2822.25,153.56,115
316.627,2808.56,153.56,115
350.611,2808.56,137.842,115
481.182,2806.64,115,123.012
481.182,2793.94,115,123.012
518.787,2793.94,115,132.674
523.303,2801.56,115,133.835
523.303,2788.88,115,133.835
522.695,2788.88,115,133.678
523.316,2789.72,115,133.838
523.316,2777.08,115,133.838
522.795,2777.08,115,133.704
521.157,2765.41,115,133.283
522.923,2769,115,133.737
517.087,2742.41,115,132.238
517.028,2729.76,115,132.222
519.559,2730.7,115,132.873
518.077,2719.04,115,132.492
517.27,2725.11,115,132.285
517.144,2712.25,115,132.252
516.524,2705.91,115,132.093
516.254,2693.25,115,132.024
514.55,2697.31,115,131.586
512.473,2684.44,115,131.052
513.36,2685.49,115,131.28
512.017,2672.87,115,130.935
513.241,2667.54,115,131.25
511.623,2654.68,115,130.834
512.088,2647.17,115,130.953
512.088,2635.27,115,130.953
511.173,2635.27,115,130.718
510.464,2642.38,115,130.536
510.002,2630.74,115,130.417
511.254,2627.27,115,130.739
510.21,2615.39,115,130.471
509.933,2624.26,115,130.4
508.232,2612.38,115,129.963
505.962,2605.79,115,129.379
505.962,2594.16,115,129.379
505.457,2594.16,115,129.249
505.38,2596.45,115,129.23
503.243,2584.57,115,128.681
505.542,2581.17,115,129.271
503.909,2569.29,115,128.852
503.192,2570.42,115,128.667
501.648,2558.55,115,128.271
501.209,2546.92,115,128.158
497.945,2549.54,115,127.319
495.631,2537.67,115,126.725
497.495,2531.4,115,127.204
495.57,2519.53,115,126.709
494.453,2517.32,115,126.422
491.775,2505.43,115,125.734
491.775,2493.55,115,125.734
489.55,2493.55,115,125.162
495.194,2496.88,115,126.612
492.564,2485,115,125.937
485.58,2484.31,115,124.142
489.634,2475.9,115,125.184
490.379,2467.21,115,125.375
490.379,2455.37,115,125.375
487.741,2455.37,115,124.697
487.727,2450.01,115,124.694
486.06,2438.17,115,124.265
488.302,2437.21,115,124.842
487.151,2425.64,115,124.546
482.911,2433.83,115,123.456
482.911,2421.99,115,123.456
481.196,2421.99,115,123.016
483.121,2422.17,115,123.51
483.121,2410.37,115,123.51
481.207,2410.37,115,123.019
486.314,2401.14,115,124.331
486.314,2389.56,115,124.331
484.545,2389.56,115,123.876
482.33,2390.55,115,123.307
482.33,2379.71,115,123.307
481.194,2379.71,115,123.015
481.194,2367.91,115,123.015
480.332,2367.91,115,122.794
476.072,2365.8,115,121.699
476.072,2354.23,115,121.699
474.532,2354.23,115,121.303
481.843,2361.43,115,123.182
481.843,2349.59,115,123.182
480.548,2349.59,115,122.849
477.042,2350.37,115,121.948
476.557,2338.57,115,121.824
476.754,2341.35,115,121.874
476.057,2329.55,115,121.695
476.064,2324.91,115,121.697
476.064,2313.39,115,121.697
475.724,2313.39,115,121.61
472.904,2314.53,115,120.885
470.289,2302.73,115,120.213
474.576,2301.67,115,121.315
474.576,2289.87,115,121.315
472.632,2289.87,115,120.815
471.339,2291.16,115,120.483
474.723,2281.2,115,121.352
468.126,2269.24,115,119.657
465.869,2257.44,115,119.077
472.264,2256.95,115,120.721
471.235,2246.39,115,120.456
466.464,2241.27,115,119.23
464.137,2229.47,115,118.632
471.166,2230.18,115,120.439
470.476,2218.38,115,120.261
471.966,2219.26,115,120.644
471.966,2207.5,115,120.644
470.618,2207.5,115,120.298
464.606,2208.12,115,118.753
464.606,2196.66,115,118.753
464.495,2196.66,115,118.724
462.893,2184.91,115,118.313
461.28,2177.64,115,117.898
459.823,2165.89,115,117.524
460.921,2168.3,115,117.806
460.921,2156.84,115,117.806
459.813,2156.84,115,117.521
461.905,2165.54,115,118.059
458.203,2155.94,115,117.108
456.448,2144.19,115,116.657
460.784,2137.25,115,117.771
459.389,2125.79,115,117.413
458.618,2134.25,115,117.214
460.881,2116.26,115,117.796
460.881,2104.5,115,117.796
458.779,2104.5,115,117.256
458.676,2109.74,115,117.229
457.471,2098.28,115,116.92
461.095,2090.54,115,117.851
461.095,2078.79,115,117.851
458.838,2078.79,115,117.271
459.016,2081.87,115,117.317
459.016,2070.16,115,117.317
458.351,2070.16,115,117.146
454.492,2078.07,115,116.154
452.182,2066.36,115,115.561
454.093,2061.87,115,116.052
453.2,2081.46,115,115.822
454.27,2048.35,115,116.097
454.27,2080.62,115,116.097
453.209,2080.62,115,115.824
453.7,2038.07,115,115.951
451.543,2026.36,115,115.397
451.543,2064.91,115,115.397
450.499,2064.91,115,115.128
451.677,2088.8,115,115.431
449.862,2077.05,115,115
453.237,2001.39,115,115.832
451.68,2080.65,115,115.432
453.737,1984.21,115,115.96
453.737,2069.77,115,115.96
453.563,2069.77,115,115.916
447.707,1976.66,115,115
446.639,2091.86,115,115
449.11,1982.28,115,115
448.391,2116.55,115,115
450.6,1971.12,115,115.154
456.187,2103.4,115,116.59
458.67,1975.21,115,117.228
458.67,2110.79,115,117.228
553.24,2110.79,115,141.527
656.667,1986.85,115,168.102
728.439,1974.19,115,186.543
728.85,1975.14,115,186.649
726.691,1907.56,115,186.094
727.754,1910.12,115,186.367
725.52,1894.7,115,185.793
728.781,1876.36,115,186.631
726.16,1861.55,115,185.958
723.747,1871.2,115,185.338
720.899,1857.34,115,184.606
726.455,1850.33,115,186.033
724.378,1835.57,115,185.5
726.887,1847.01,115,186.145
724.255,1832.27,115,185.468
724.356,1823.75,115,185.494
722.317,1577.66,115,184.97
716.568,1511.69,115,183.493
713.498,1481.74,115,182.704
713.498,1404.91,115,182.704
710.702,1404.91,115,181.986
718.447,1387.98,115,183.976
716.525,1372.8,115,183.482
707.994,1386.61,115,181.29
706.568,1371.9,115,180.924
708.391,1363.13,115,181.392
706.11,1348.81,115,180.806
710.093,1341.52,115,181.829
699.361,1318.94,115,179.072
699.361,1304.63,115,179.072
704.051,1279.69,115,180.277
704.097,1258.07,115,180.289
704.097,1243.24,115,180.289
701.761,1243.24,115,179.689
694.527,1243.6,115,177.83
692.567,1228.76,115,177.326
694.79,1225.59,115,177.898
692.13,1210.36,115,177.214
692.471,1197.44,115,177.301
690.796,1183.51,115,176.871
693.374,1166.86,115.405,177.109
693.374,1151.21,117.42,174.992
690.257,1151.21,117.446,174.203
683.147,1144.3,118.426,171.486
681.3,1129.1,120.482,169.009
686.982,1121.68,121.353,169.428
684.355,1107.38,123.303,166.879
685.542,1109.95,122.931,167.51
685.542,1096.53,124.699,165.725
683.573,1096.53,124.763,165.249
683.573,1082.69,126.597,163.414
680.921,1082.69,126.7,162.782
676.89,1079.97,127.225,161.465
682.031,1065.22,128.981,160.74
679.017,1051.47,130.968,158.227
676.977,1044.82,131.974,156.883
674.583,1031.07,133.977,154.542
676.506,1016.8,135.786,153.117
676.506,1001.73,137.82,151.152
673.726,1001.73,138.027,150.537
672.317,994.674,139.097,149.312
672.317,980.026,141.098,147.418
676.26,989.434,139.498,149.496
676.26,975.739,141.345,147.714
675.495,975.739,141.41,147.549
672.078,964.063,143.298,145.305
672.078,950.399,145.163,143.542
671.784,950.399,145.191,143.48
673.423,961.388,143.539,145.245
673.423,947.813,145.384,143.49
671.324,951.568,145.076,143.534
670.542,938.046,147.005,141.63
668.062,938.344,147.218,141.153
668.062,924.885,149.075,139.431
667.748,924.885,149.109,139.367
670.951,1084.57,126.827,160.65
678.623,1071.06,128.355,160.706
675.987,1073.4,128.153,160.391
675.987,1384.85,115,173.066
675.876,1384.85,115,173.038
679.046,1395.77,115,173.852
678.132,1381.69,115,173.617
677.634,1385.77,115,173.489
677.431,1370.81,115,173.437
675.18,1362.49,115,172.859
675.216,1347.53,115,172.868
683.53,1343.96,115,175.004
683.057,1329.94,115,174.883
683.057,1331.42,115,174.883
682.055,1331.42,115,174.625
685.31,1336.49,115,175.461
684.323,1322.96,115,175.208
680.349,1321.22,115,174.187
679.891,1314.63,115,174.069
680.89,1314.43,115,174.326
680.89,1318.63,115,174.326
680.101,1318.63,115,174.123
682.662,1312,115,174.781
682.207,1305.86,115,174.664
684.625,1310.17,115,175.286
683.844,1301.86,115,175.085
684.322,1308.26,115,175.208
683.79,1297.87,115,175.071
682.561,1300.15,115,174.755
682.965,1300.37,115,174.859
682.952,1294.86,115,174.856
685.251,1292.37,115,175.446
684.096,1296.18,115,175.15
682.242,1299.76,115,174.673
682.242,1288.62,115,174.673
682.038,1288.62,115,174.621
693.054,1288.77,115,177.451
692.458,1294.39,115,177.298
691.755,1286.87,115,177.118
691.755,1274.49,115,177.118
691.408,1274.49,115,177.028
694.033,1287.54,115,177.703
694.033,1290.1,115,177.703
693.934,1290.1,115,177.677
693.248,1294.21,115,177.501
692.008,1283.95,115,177.183
692.5,1303.25,115,177.309
691.57,1296.46,115,177.07
690.873,1291.04,115,176.891
690.5,1288.5,115,176.795
690.538,1294.1,115,176.805
690.538,1296.25,115,176.805
689.64,1296.25,115,176.574
690.19,1301.84,115,176.716
690.19,1305.5,115,176.716
689.772,1305.5,115,176.608
690.502,1302.04,115,176.796
690.502,1302.05,115,176.796
690.124,1302.05,115,176.699
691.738,1315.57,115,177.113
691.041,1318.84,115,176.934
690.491,1325.72,115,176.793
690.617,1335.61,115,176.825
691.365,1339.86,115,177.017
690.357,1340.7,115,176.758
692.308,1342.7,115,177.26
702.374,1356.05,115,179.846
700.822,1339.56,115,179.447
700.822,1375.46,115,179.447
700.158,1375.46,115,179.277
701.688,1361.22,115,179.67
700.87,1392.45,115,179.46
701.69,1375.12,115,179.67
700.661,1408.52,115,179.406
699.596,1388.02,115,179.132
699.294,1392.15,115,179.055
701.09,1418.02,115,179.516
700.631,1412.31,115,179.398
700.976,1407.91,115,179.487
700.976,1429.14,115,179.487
700.782,1429.14,115,179.437
700.782,1467.75,115,179.437
699.993,1467.75,115,179.234
711.397,1460.24,115,182.164
711.397,1472.85,115,182.164
710.876,1472.85,115,182.031
708.364,1471.48,115,181.385
708.364,1484.03,115,181.385
708.098,1484.03,115,181.317
708.794,1507.63,115,181.496
708.794,1536.12,115,181.496
708.788,1536.12,115,181.494
710.184,1548.42,115,181.853
708.282,1583.13,115,181.364
707.877,1600.01,115,181.26
709.549,1598.57,115,181.69
709.549,1629.51,115,181.69
709.12,1629.51,115,181.579
711.761,1636.49,115,182.258
711.761,1667.72,115,182.258
708.397,1632.01,115,181.394
707.547,1705.28,115,181.175
709.387,1712.33,115,181.648
708.814,1755.52,115,181.501
719.767,1716.24,115,184.315
719.164,1809.07,115,184.16
719.131,1835.15,115,184.152
720.27,1800.38,115,184.444
720.27,1911.81,115,184.444
719.547,1911.81,115,184.258
718.763,1855.54,115,184.057
718.461,1893.86,115,183.98
720.1,1923.74,115,184.401
720.1,1973.43,115,184.401
718.917,1973.43,115,184.097
719.04,2030.62,115,184.128
719.362,2048.51,115,184.211
718.715,2105.05,115,184.045
719.601,2189.96,115,184.273
719.601,2261.59,115,184.273
718.545,2261.59,115,184.001
728.059,2281.37,115,186.446
727.271,3913.29,115,186.243
728.093,3878.5,115,186.455
727.578,3863.59,115,186.322
728.51,3835.23,115,186.562
728.269,3820.36,115,186.5
728.952,3786.95,115,186.675
729,3772.07,115,186.688
729.334,3763.27,115,186.773
729.334,3748.5,115,186.773
728.679,3748.5,115,186.605
728.621,3738.38,115,186.59
728.23,3723.62,115,186.49
729.843,3718.26,115,186.904
728.654,3704.67,115,186.599
729.069,3702.4,115,186.705
729.202,3687.63,115,186.739
729.4,3679.64,115,186.79
738.867,3666.42,115,189.223
738.565,3651.73,115,189.145
739.079,3642.91,115,189.277
739.079,3867.87,115,189.277
738.045,3867.87,115,189.012
738.531,3872.42,115,189.136
738.617,3858.35,115,189.159
729.371,3855.07,115,186.783
728.893,3839.78,115,186.66
738.848,3830.49,115,189.218
738.848,3816.04,115,189.218
737.768,3816.04,115,188.94
738.106,3813.37,115,189.027
737.505,3797.85,115,188.873
738.279,3796.07,115,189.072
739.449,3779.22,115,189.372
740.766,3761.03,115,189.711
740.04,3745.35,115,189.524
740.498,3748.26,115,189.642
740.738,3733.77,115,189.704
740.38,3736.48,115,189.611
739.918,1790.16,115,189.493
739.819,1795.39,115,189.467
738.687,1726.49,115,189.176
740.126,1718.81,115,189.546
740.126,1704.53,115,189.546
740.216,1704.53,115,189.569
752.322,1665.51,115,192.68
752.322,1597.76,115,192.68
750.758,1608.07,115,192.278
749.911,1550.97,115,192.06
752.596,1550.22,115,192.75
751.728,1504.97,115,192.527
752.714,1491.88,115,192.781
752.22,1438.73,115,192.654
743.02,1438.5,115,190.29
743.02,1381.77,115,190.29
742.018,1381.77,115,190.032
741.051,1400.94,115,189.784
741.055,1366.93,115,189.785
736.513,1363.25,115,188.618
735.279,1311.07,115,188.301
734.834,1273.3,115,188.187
734.223,1263.94,115,188.03
734.223,1222.93,115,188.03
733.564,1222.93,115,187.86
742.438,1219.38,115,190.14
742.438,1187.77,115,190.14
742.317,1187.77,115,190.109
744.162,1196.34,115,190.583
744.162,1164.72,115.561,189.811
743.19,1164.72,115.563,189.563
746.334,1169.64,115.038,191.088
747.415,1138.1,118.339,186.738
747.578,1095.98,122.733,180.611
749.328,1096.17,122.655,181.061
747.815,1063.56,126.096,175.932
738.859,1065.99,126.257,174.183
738.859,1037.65,129.312,170.103
739.067,1037.65,129.3,170.151
740.405,1028.27,130.224,169.106
739.468,1013.75,131.841,166.804
739.339,1003.33,132.967,165.279
739.339,990.25,134.369,163.402
739.759,995.878,133.734,164.302
739.759,980.84,135.342,162.142
739.925,980.84,135.328,162.178
745.301,979.14,135.056,163.098
745.301,964.697,136.564,161.01
744.931,964.697,136.597,160.931
754.823,953.706,136.8,161.431
754.56,939.281,138.269,159.265
759.955,937.589,137.885,160.138
759.757,923.189,139.313,157.977
770.035,929.197,137.633,160.977
770.035,914.82,138.973,158.83
769.92,914.82,138.986,158.807
769.92,899.617,140.403,156.539
774.346,895.312,140.267,156.777
775.144,883.536,141.24,155.168
772.337,865.857,143.22,151.977
756.296,853.607,146.582,147.1
749.97,835.93,149.258,143.346
749.97,822.203,150.65,141.365
733.985,822.203,153.098,138.433
736.013,818.652,153.169,138.303
736.013,816.902,153.357,138.056
717.09,816.902,156.298,134.606
726.211,809.182,155.742,135.195
709.545,804.911,158.896,131.603
706.341,800.486,159.943,130.43
701.318,808.673,159.757,130.628
695.884,803.053,161.323,128.9
681.016,793.684,164.952,125.018
684.101,796.419,164.087,125.922
676.255,798.95,165.039,124.85
677.732,788.278,166.212,123.738
652.64,794.668,169.508,120.103
662.326,784.479,169.327,120.544
646.734,788.561,171.375,118.306
643.729,803.9,169.618,119.644
643.729,800.191,170.165,119.192
633.333,800.191,171.856,117.333
634.805,785.732,173.804,115.862
597.179,783.969,180.457,109.049
606.473,785.967,178.553,110.907
593.687,790.163,180.003,109.126
597.835,793.074,178.823,110.185
578.993,799.221,180.868,107.509
574.063,805.089,180.629,107.258
574.063,808.774,179.974,107.653
558.844,808.774,182.393,104.904
567.276,811.709,180.522,106.738
550.98,820.374,181.463,104.673
548.393,818.177,182.277,103.976
548.393,825.027,180.981,104.675
537.92,829.591,181.687,103.203
537.92,849.093,177.906,105.153
534.167,849.093,178.437,104.444
530.63,853.376,178.092,104.197
526.518,872.468,174.863,105.282
525.262,869.789,175.563,104.777
525.262,908.133,167.892,108.521
513.271,901.458,170.65,105.47
513.271,919.411,166.959,107.18
508.703,919.411,167.465,106.249
510.206,924.944,166.153,107.08
506.919,943.468,162.643,108.148
507.989,938.268,163.619,107.881
507.989,937.935,163.688,107.85
503.627,937.935,164.136,106.944
499.397,947.616,162.516,106.961
495.594,965.075,159.155,107.766
499.322,972.987,157.136,109.295
496.987,978.565,156.148,109.307
491.567,996.658,152.696,109.784
489.002,2996.12,115,125.021
491.392,1026.85,146.171,112.501
489.51,2988.97,115,125.152
489.51,2976.51,115,125.152
486.984,2976.51,115,124.503
483.481,2964.99,115,123.603
479.45,2967.54,115,122.567
476.922,2956.08,115,121.917
481.676,2950.86,115,123.139
478.439,2939.34,115,122.307
478.7,2941.87,115,122.374
478.7,2929.36,115,122.374
476.323,2929.36,115,121.764
475.638,2925.88,115,121.587
475.638,2914.35,115,121.587
473.303,2914.35,115,120.988
468.768,2921.48,115,119.822
466.392,2910.02,115,119.212
469.916,2906.85,115,120.117
469.916,2895.37,115,120.117
467.395,2895.37,115,119.47
466.977,2888.18,115,119.362
465.022,2875.69,115,118.86
467.857,2878.83,115,119.588
467.857,2867.34,115,119.588
465.193,2867.34,115,118.904
458.128,2867.03,115,117.089
452.619,2848.84,115,115.673
450.145,2837.31,115,115.037
459.248,2843.45,115,117.376
457.389,2832.12,115,116.899
454.329,2825.84,115,116.112
452.375,2813.32,115,115.61
452.243,2822.37,115,115.576
448.898,2810.91,115,115
446.569,2806.61,115,115
442.998,2795.12,115,115
445.271,2793.57,115,115
443.037,2781.13,115,115
445.165,2783.08,115,115
445.165,2771.63,115,115
441.388,2771.63,115,115
435.203,2760.94,115,115
433.123,2749.49,115,115
431.515,2753.91,115,115
429.318,2741.46,115,115
432.853,2734.92,115,115
432.853,2723.43,115,115
429.575,2723.43,115,115
433.384,2726.51,115,115
430.381,2715.06,115,115
429.773,2706.49,115,115
427.578,2695,115,115
423.062,2696.86,115,115
420.147,2685.17,115,115
418.125,2673.72,115,115
418.453,2677.63,115,115
416.176,2666.17,115,115
418.641,2659.45,115,115
414.34,2647.95,115,115
411.054,2650.65,115,115
408.635,2638.17,115,115
410.944,2638.54,115,115
408.639,2627.08,115,115
410.668,2620.66,115,115
410.668,2609.16,115,115
406.378,2609.16,115,115
406.836,2611.49,115,115
404.836,2600.03,115,115
405.747,2604.74,115,115
405.747,2592.29,115,115
402.406,2592.29,115,115
402.406,2580.8,115,115
402.226,2584.41,115,115
393.508,2566.8,118.003,115
393.27,2555.94,118.113,115
393.27,2543.46,118.113,115
391.339,2543.46,119.006,115
391.004,2538.87,119.161,115
391.004,2527.37,119.161,115
386.747,2530.21,121.13,115
386.747,2518.72,121.13,115
383.899,2518.72,122.447,115
386.3,2521.84,121.336,115
386.3,2510.34,121.336,115
384.513,2510.2,122.163,115
384.513,2497.71,122.163,115
381.522,2497.71,123.546,115
382.556,2494.8,123.068,115
378.855,2483.34,124.779,115
376.318,2487.76,125.953,115
376.318,2476.31,125.953,115
374.212,2476.31,126.927,115
373.211,2477.72,127.39,115
369.823,2466.31,128.957,115
370.822,2462.41,128.495,115
370.822,2449.97,128.495,115
367.128,2445.81,130.203,115
365.795,2434.32,130.82,115
363.092,2443.53,132.07,115
361.034,2431.13,133.022,115
364.173,2435.08,131.57,115
361.318,2422.5,132.891,115
359.661,2414.79,133.657,115
357.35,2402.36,134.725,115
357.319,2406.05,134.74,115
357.319,2393.64,134.74,115
355.096,2393.64,135.768,115
353.51,2380.19,136.502,115
350.288,2383.56,137.992,115
350.288,2371.12,137.992,115
347.991,2371.12,139.054,115
350.628,2367.26,137.835,115
350.628,2354.84,137.835,115
347.714,2354.84,139.182,115
348.286,2348.29,138.918,115
348.286,2334.85,138.918,115
346.527,2334.85,139.731,115
342.166,2337.79,141.748,115
339.608,2325.52,142.931,115
341.434,2324.29,142.087,115
338.577,2310.84,143.408,115
341.012,2308.87,142.282,115
341.012,2296.57,142.282,115
338.726,2296.57,143.339,115
340.011,2292.16,142.745,115
335.986,2278.73,144.606,115
337.07,2282,144.105,115
336.707,2269.69,144.273,115
336.379,2276.9,144.425,115
336.379,2263.47,144.425,115
334.339,2263.47,145.368,115
333.276,2265.12,145.86,115
332.455,2252.84,146.24,115
330.29,2244.93,147.241,115
330.29,2231.63,147.241,115
327.534,2231.63,148.516,115
331.594,2225.29,146.638,115
328.493,2212.99,148.072,115
325.669,2217.25,149.378,115
323.962,2203.97,150.167,115
326.966,2208.85,148.778,115
326.966,2195.57,148.778,115
326.02,2195.57,149.216,115
323.948,2183.29,150.174,115
325.81,2176.41,149.313,115
325.12,2166,149.632,115
325.12,2152.72,149.632,115
322.644,2152.72,150.777,115
323.776,2156.58,150.253,115
323.776,2144.42,150.253,115
323.071,2144.42,150.58,115
324.673,2149.82,149.839,115
323.571,2136.56,150.348,115
315.847,2130.77,153.921,115
315.847,2117.62,153.921,115
322.847,2117.62,150.683,115
313.645,2122.12,154.939,115
325.639,2107.85,149.392,115
320.777,2109.41,151.641,115
469.845,2095.27,115,120.099
422.438,2092.23,115,115
422.438,2078.95,115,115
526.718,2078.95,115,134.712
520.277,2073.11,115,133.057
519.276,2061.08,115,132.8
522.715,2063.48,115,133.684
520.205,2051.19,115,133.039
520.791,2054.04,115,133.189
519.792,2040.89,115,132.933
521.665,2042.51,115,133.414
521.665,2029.37,115,133.414
520.867,2029.37,115,133.209
521.474,2023.66,115,133.365
521.474,2010.51,115,133.365
521.181,2010.51,115,133.29
522.509,2014.18,115,133.631
521.278,2001.89,115,133.315
521.772,2005.22,115,133.441
521.772,1992.06,115,133.441
521.695,1992.06,115,133.422
520.318,1978.77,115,133.068
516.706,1981.73,115,132.14
517.083,1968.59,115,132.237
519.281,1963.61,115,132.801
519.281,1951.31,115,132.801
521.356,1951.31,115,133.335
524.749,1946.85,115,134.206
524.749,1933.55,115,134.206
524.227,1933.55,115,134.072
524.576,1936.75,115,134.162
529.996,1924.45,115,135.554
531.524,1926.79,115,135.947
533.225,1913.49,115,136.384
533.787,1907.73,115,136.529
547.988,1894.92,115,140.178
553.635,1882.6,115,141.628
555.901,1878.19,115,142.211
587.19,1866.17,115,150.25
587.081,1853.85,115,150.222
701.245,1861.88,115,179.556
700.219,1848.49,115,179.292
703.38,1838.99,115,180.105
703.38,1823.57,115,180.105
703.236,1823.57,115,180.068
701.078,1829.38,115,179.513
701.13,1813.98,115,179.526
702.336,1810.31,115,179.836
701.419,1795.76,115,179.601
709.66,1797.48,115,181.718
708.997,1782.96,115,181.548
708.646,1768.44,115,181.458
711.119,1766.73,115,182.093
711.003,1752.18,115,182.063
711.003,1737.44,115,182.063
710.264,1737.44,115,181.873
709.488,1739.89,115,181.674
709.488,1761.38,115,181.674
708.661,1761.38,115,181.461
709.085,1764.67,115,181.57
708.881,1749.44,115,181.518
710.765,1746.44,115,182.002
710.445,1732.12,115,181.92
712.889,1724.93,115,182.548
712.329,1709.31,115,182.404
711.647,1717.46,115,182.229
711.647,1702.74,115,182.229
710.945,1702.74,115,182.048
711.465,1707.42,115,182.182
711.021,1692.72,115,182.068
711.691,1685.24,115,182.24
711.515,1670.53,115,182.195
711.077,1666.58,115,182.082
711.077,1651.47,115,182.082
710.294,1651.47,115,181.881
720.463,1659.37,115,184.494
720.463,1644.26,115,184.494
719.947,1644.26,115,184.361
710.819,1649.4,115,182.016
710.819,1635.16,115,182.016
710.058,1635.16,115,181.82
720.624,1629.39,115,184.535
720.624,1614.31,115,184.535
720.645,1614.31,115,184.541
720.331,1611.09,115,184.46
720.331,1596.52,115,184.46
719.256,1596.52,115,184.184
720.497,1593.66,115,184.503
720.52,1579.49,115,184.509
710.325,1574.59,115,181.889
709.78,1560.02,115,181.749
719.9,1552.67,115,184.349
719.335,1545.93,115,184.204
720.126,1542.57,115,184.408
720.126,1537.44,115,184.408
719.641,1537.44,115,184.283
731.572,1536.19,115,187.348
731.572,1531.32,115,187.348
731.513,1531.32,115,187.333
722.064,1536.72,115,184.905
721.489,1522.34,115,184.757
731.689,1525.9,115,187.378
731.689,1511.98,115,187.378
730.644,1511.98,115,187.11
731.061,1516.89,115,187.217
731.052,1512.3,115,187.215
732.05,1511.91,115,187.471
732.05,1506.21,115,187.471
731.607,1506.21,115,187.357
732.827,1505.09,115,187.671
732.617,1500.97,115,187.617
732.04,1503.79,115,187.469
731.405,1498.43,115,187.305
730.709,1495.63,115,187.127
730.709,1499.65,115,187.127
730.19,1490.92,115,186.993
729.359,1487.23,115,186.78
730.553,1485.48,115,187.086
730.705,1535.95,115,187.126
732.429,1485.45,115,187.569
731.454,1584.82,115,187.318
730.611,1590.19,115,187.101
730.611,1575.23,115,187.101
729.905,1575.23,115,186.92
729.905,1560.28,115,186.92
729.507,1560.28,115,186.818
732.077,1572.81,115,187.478
731.9,1557.86,115,187.433
731.22,1543.44,115,187.258
742.516,1548.5,115,190.16
742.337,1532.7,115,190.114
731.807,1525.5,115,187.409
731.807,1510.23,115,187.409
731.123,1510.23,115,187.233
741.524,1511.95,115,189.906
741.325,1499.26,115,189.854
741.325,1484,115,189.854
741.149,1484,115,189.809
741.964,1474.78,115,190.018
741.964,1460.06,115,190.018
741.226,1460.06,115,189.829
740.502,1465.77,115,189.643
740.502,1451.04,115,189.643
740.003,1451.04,115,189.515
741.652,1446.57,115,189.938
740.949,1431.03,115,189.758
740.553,1434.9,115,189.656
741.41,1423.16,115,189.876
741.41,1407.58,115,189.876
741.269,1407.58,115,189.84
743.174,1408.28,115,190.329
742.867,1394.1,115,190.251
743.063,1397.26,115,190.301
743.063,1382.75,115,190.301
741.665,1382.75,115,189.942
742.322,1383.59,115,190.111
742.322,1368.53,115,190.111
742.103,1368.53,115,190.054
743.149,1360.49,115,190.323
744.709,1345.33,115,190.724
744.134,1330.85,115,190.576
743.857,1316.37,115,190.505
743.642,1321.37,115,190.45
743.642,1309.87,115,190.45
743.618,1309.87,115,190.444
756.099,1303.17,115,193.65
755.082,1326.2,115,193.389
754.24,1300.14,115,193.173
753.211,1446.12,115,192.908
743.824,1421.75,115,190.497
743.824,1438.5,115,190.497
743.434,1438.5,115,190.396
744.598,1434.45,115,190.695
746.487,1425.83,115,191.181
746.487,1428.06,115,191.181
745.794,1428.06,115,191.003
749.454,1436.84,115,191.943
748.845,1566.09,115,191.787
746.646,1580.05,115,191.222
749.081,1583.15,115,191.847
748.245,1782.41,115,191.632
740.504,1783.22,115,189.643
740.504,1768.71,115,189.643
739.211,1768.71,115,189.311
741.008,1757.65,115,189.773
747.347,1741.53,115,191.402
747.347,1744.95,115,191.402
746.573,1744.95,115,191.203
748.82,1735.47,115,191.78
747.268,1731.24,115,191.381
747.334,1742.7,115,191.398
747.253,1727.06,115,191.378
751.506,1707.91,115,192.47
750.529,1730.49,115,192.219
748.892,1743.14,115,191.799
741.342,1799.23,115,189.859
741.342,1841.54,115,189.859
740.814,1841.54,115,189.723
744.597,1816.45,115,190.695
744.597,2446.87,115,190.695
747.792,2013.72,115,191.516
736.793,2490.58,115,188.69
736.789,2495.89,115,188.689
739.914,2501.11,115,189.492
738.737,2504.5,115,189.189
739.742,2511.85,115,189.448
739.742,2516.16,115,189.448
738.842,2516.16,115,189.216
738.868,2529.63,115,189.223
738.868,2533.97,115,189.223
737.155,2533.97,115,188.783
737.977,2542.21,115,188.994
740.377,2550.05,115,189.611
739.479,2563.25,115,189.38
737.728,2569.08,115,188.93
737.728,2584.21,115,188.93
737.276,2584.21,115,188.814
738.889,2563.32,115,189.228
737.905,2595.42,115,188.975
738.578,2582.27,115,189.148
738.56,2597.33,115,189.144
738.495,2601.19,115,189.127
736.835,2605.19,115,188.701
738.264,2611.05,115,189.068
738.264,2625.97,115,189.068
737.89,2625.97,115,188.972
740.027,2631.47,115,189.521
739.884,2647.34,115,189.484
739.367,2662.04,115,189.351
738.612,2668.5,115,189.157
738.612,2684.12,115,189.157
737.576,2684.12,115,188.891
738.479,2688.95,115,189.123
738.479,2706.49,115,189.123
737.529,2712.72,115,188.879
736.315,2728.08,115,188.567
732.076,2730.56,115,187.478
732.076,2744.84,115,187.478
731.429,2744.84,115,187.312
731.273,2760.27,115,187.272
731.75,2782.65,115,187.394
731.245,2802.79,115,187.264
731.7,2807.89,115,187.381
730.94,2822.78,115,187.186
730.503,2827.88,115,187.074
730.503,2852.89,115,187.074
730.525,2852.89,115,187.079
732.257,2857.91,115,187.524
731.622,2883.64,115,187.361
731.65,2886.71,115,187.368
730.869,2900.15,115,187.168
731.706,2877.57,115,187.383
730.918,2903.19,115,187.18
731.938,1653.47,115,187.442
730.945,1638.61,115,187.187
733.944,1629.22,115,187.958
733.944,1585.4,115,187.958
733.251,1585.4,115,187.78
729.003,1586.81,115,186.688
729.003,1548.73,115,186.688
728.331,1548.73,115,186.516
729.912,1539.88,115,186.922
730.03,1504.21,115,186.952
732.401,1503.91,115,187.561
731.426,1460.22,115,187.311
730.758,1415.66,115,187.139
721.074,1426.86,115,184.651
721.074,1382.35,115,184.651
720.664,1382.35,115,184.546
721.529,1383.03,115,184.768
720.78,1343.2,115,184.575
728.369,1349.99,115,186.525
728.369,1312.82,115,186.525
727.434,1312.82,115,186.285
728.367,1307.66,115,186.525
725.91,1279.43,115,185.894
725.155,1256.97,115,185.699
724.488,1241,115,185.528
723.259,1206.77,115,185.212
723.026,1201.48,115,185.152
723.026,1172.15,115,185.152
722.32,1172.15,115,184.971
730.115,1179.26,115,186.974
729.924,1164.98,115.565,186.207
725.314,1152.59,116.995,183.266
723.743,1117.06,121.095,177.841
723.615,1113.55,121.502,177.313
722.267,1099.05,123.21,174.94
726.026,1100.39,122.939,176.039
726.026,1068.91,126.517,171.584
724.947,1068.91,126.566,171.33
725.808,1068.66,126.556,171.497
725.526,1054.3,128.202,169.402
724.092,1047.62,129.039,168.129
724.072,1019.29,132.274,164.139
725.277,1019.26,132.198,164.406
724.742,999.427,134.488,161.497
726.521,984.745,136.01,159.822
721.919,983.109,136.575,158.592
723.78,987.63,135.906,159.63
723.632,972.463,137.647,157.473
727.113,958.645,138.895,156.278
728.923,947.357,139.984,155.07
728.923,932.706,141.615,153.007
728.133,932.706,141.698,152.844
725.39,933.353,141.913,152.367
734.665,918.72,142.534,152.208
727.29,922.229,142.96,151.198
733.662,907.618,143.857,150.432
735.507,903.591,144.079,150.232
735.507,889.922,145.558,148.293
741.6,889.922,144.805,149.497
747.257,895.098,143.573,151.362
747.257,880.924,145.032,149.318
748.856,880.924,144.828,149.631
752.016,873.548,145.169,149.178
754.271,859.92,146.234,147.634
757.236,862.198,145.605,148.534
744.092,856.561,147.976,145.204
739.902,844.925,149.787,142.749
744.137,835.178,150.195,142.151
727.742,826.753,153.548,137.923
722.672,816.202,155.51,135.527
720.099,817.356,155.778,135.217
715.009,813.801,156.983,133.802
705.322,810.123,158.945,131.546
705.322,795.509,160.709,129.578
702.222,806.044,159.934,130.438
702.222,792.684,161.564,128.648
687.167,792.684,164.063,125.979
685.736,802.385,163.047,126.992
669.338,789.627,167.438,122.429
656.315,775.769,171.581,118.406
651.721,779.174,171.888,118.028
651.721,776.279,172.304,117.671
643.305,776.279,173.761,116.208
649.836,775.139,172.795,117.203
649.836,770.746,173.43,116.663
634.743,770.746,176.079,114.056
633.516,769.878,176.426,113.741
625.445,773.425,177.295,112.766
628.073,777.031,176.281,113.648
609.283,773.316,180.13,109.953
609.283,765.751,181.356,109.088
588.483,765.751,185.051,105.517
589.585,766.898,184.66,105.833
583.532,778.942,183.645,106.106
581.212,773.847,184.932,105.148
570.812,776.971,186.185,103.677
567.798,772.165,187.571,102.644
567.798,781.486,185.892,103.631
563.848,781.486,186.566,102.94
563.095,785.244,186.01,103.202
553.57,775.922,189.359,100.569
550.107,802.101,185.037,102.643
547.184,808.98,184.207,102.819
547.003,808.984,184.235,102.787
539.927,826.018,182.076,103.216
542.54,817.566,183.3,102.845
534.581,827.411,182.614,102.369
534.16,836.375,180.925,103.18
529.965,855.37,177.791,104.267
529.965,848.928,179.063,103.633
515.406,848.928,181.123,100.881
513.033,878.563,175.381,103.245
509.003,880.066,175.588,102.6
512.978,870.803,176.981,102.498
506.927,2430.92,115,129.627
504.933,2414.01,115,129.115
504.933,2372.79,115,129.115
499.895,2372.79,115,127.82
501.008,2397.45,115,128.106
497.423,2355.68,115,127.185
494.153,2369.88,115,126.345
494.153,2359.06,115,126.345
491.39,2359.06,115,125.635
495.25,2354.15,115,126.627
495.25,2342.12,115,126.627
490.927,2342.12,115,125.516
493.706,2343.45,115,126.23
489.785,2325,115,125.223
485.479,2333.98,115,124.116
478.487,2334.26,115,122.32
475.115,2322.44,115,121.453
480.089,2295.16,115,122.731
476.089,2288.5,115,121.703
473.197,2295.71,115,120.96
470.692,2279.01,115,120.317
470.692,2285.03,115,120.317
466.28,2285.03,115,119.183
470.223,2269.39,115,120.196
466.802,2286.59,115,119.317
461.678,2261.71,115,118
461.678,2249.93,115,118
459.614,2249.93,115,117.47
458.48,2250.02,115,117.179
458.48,2257.04,115,117.179
454.839,2257.04,115,116.243
453.06,2241.04,115,115.786
449.411,2230.24,115,115
446.171,2220.45,115,115
443.332,2228.61,115,115
446.988,2212,115,115
442.522,2219.98,115,115
436.755,2203.29,115,115
433.881,2210.48,115,115
431.979,2192.96,115,115
431.091,2182.51,115,115
430.259,2164.17,115,115
425.781,2173.14,115,115
423.134,2148.24,115,115
420.384,2172.44,115,115
424.212,2149.04,115,115
421.794,2139.81,115,115
421.794,2148.8,115,115
418.112,2148.8,115,115
417.053,2130.7,115,115
417.053,2138.91,115,115
411.257,2138.91,115,115
412.476,2119.81,115,115
408.261,2126.82,115,115
408.645,2108.84,115,115
401.24,2119.03,115,115
401.003,2101.63,115,115
396.701,2109.64,116.526,115
400.661,2082.1,115,115
397.534,2070.33,116.141,115
393.932,2071.9,117.807,115
393.932,2079.08,117.807,115
391.307,2079.08,119.021,115
394.8,2060.37,117.405,115
394.8,2059.35,117.405,115
387.561,2059.35,120.753,115
387.108,2049.92,120.962,115
387.108,2059.08,120.962,115
383.847,2059.08,122.471,115
384.818,2041.98,122.022,115
380.179,2020.08,124.167,115
375.543,2031.05,126.311,115
371.174,2011.89,128.332,115
371.174,2020.08,128.332,115
368.226,2020.08,129.696,115
368.298,2001.51,129.662,115
368.298,2010.49,129.662,115
363.997,2010.49,131.652,115
367.72,1993.91,129.93,115
367.72,2001.11,129.93,115
364.559,2001.11,131.391,115
365.971,1983.16,130.738,115
361.598,1991.17,132.761,115
356.732,1972.88,135.011,115
356.732,1961.11,135.011,115
353.954,1961.11,136.296,115
356.487,1964.8,135.125,115
352.423,1951.84,137.005,115
356.991,1955.02,134.892,115
351.323,1943.05,137.513,115
351.566,1937.91,137.401,115
351.566,1924.99,137.401,115
347.032,1924.99,139.498,115
347.842,1904.71,139.123,115
347.842,1892.98,139.123,115
344.769,1892.98,140.544,115
341.344,1895.07,142.129,115
341.344,1882.19,142.129,115
337.562,1882.19,143.878,115
338.517,1876.46,143.436,115
338.517,1863.79,143.436,115
335.175,1863.79,144.981,115
331.328,1850.95,146.761,115
333.896,1843.66,145.573,115
324.307,1825.71,150.008,115
321.611,1813.07,151.255,115
328.069,1818.3,148.268,115
328.069,1805.53,148.268,115
323.726,1805.53,150.277,115
320.187,1792.86,151.913,115
320.187,1780.26,151.913,115
316.443,1780.26,153.645,115
318.815,1783.75,152.548,115
315.781,1749.23,153.951,115
317.499,1762.22,153.157,115
317.499,1728.61,153.157,115
315.29,1728.61,154.179,115
311.289,1730.33,156.029,115
311.289,1708.98,156.029,115
308.811,1708.98,157.175,115
312.842,1714.48,155.311,115
312.842,1692.05,155.311,115
310.38,1692.05,156.449,115
305.114,1695.37,158.885,115
302.991,1672.01,159.867,115
290.294,1672.57,165.739,115
286.847,1641.27,167.333,115
300.818,1656.45,160.872,115
300.818,1619.25,160.872,115
299.214,1619.25,161.613,115
301.477,1626.78,160.567,115
303.106,1605.6,159.813,115
307.225,1618.06,157.908,115
307.962,1588.92,157.568,115
368.13,1584.36,129.74,115
368.13,1571.26,129.74,115
494.73,1571.26,115,126.493
516.012,1565.21,115,131.962
586.27,1553.15,115,150.014
704.21,1541.97,115,180.318
817.047,1528.16,115,209.311
816.181,1537.86,115,209.088
866.085,1534.27,115,221.911
866.085,1546.77,115,221.911
864.985,1546.77,115,221.628
852.895,1532.44,115,218.522
852.895,1534.83,115,218.522
852.16,1534.83,115,218.333
820.468,1552.57,115,210.19
810.764,1541.87,115,207.696
784.23,1541.49,115,200.878
784.23,1557.4,115,200.878
783.237,1557.4,115,200.623
762.355,1554.7,115,195.258
761.733,1559.56,115,195.098
747.702,1564.72,115,191.493
746.567,1568.26,115,191.201
737.357,1575.65,115,188.835
737.357,1579.32,115,188.835
737.517,1579.32,115,188.876
748.47,1566.03,115,191.69
748.47,1580.37,115,191.69
747.617,1580.37,115,191.471
727.732,1578.95,115,186.362
727.732,1593.89,115,186.362
726.336,1593.89,115,186.003
733.298,1577.15,115,187.792
732.579,1602.25,115,187.607
736.813,1598.47,115,188.695
736.813,1593.6,115,188.695
736.91,1593.6,115,188.72
736.91,1597.22,115,188.72
735.936,1597.22,115,188.47
739.364,1604.02,115,189.35
739.364,1597.76,115,189.35
738.658,1597.76,115,189.169
747.009,1605.16,115,191.315
747.009,1600.82,115,191.315
746.557,1600.82,115,191.199
765.555,1541.44,115,196.08
765.169,1560.94,115,195.981
750.777,1533.88,115,192.283
750.777,1559.19,115,192.283
750.125,1559.19,115,192.116
748.597,1580.38,115,191.723
747.538,1564.11,115,191.451
737.139,1555.76,115,188.779
736.589,1540.9,115,188.637
748.616,1549.82,115,191.728
748.616,1534.32,115,191.728
740.382,1504,115,189.612
739.803,1488.49,115,189.463
737.652,1524.89,115,188.911
737.362,1509.38,115,188.836
741.095,1505.11,115,189.795
746.603,1455.59,115,191.211
746.212,1440.85,115,191.11
754.938,1449.71,115,193.352
754.938,1433.68,115,193.352
753.477,1433.68,115,192.977
742.05,1426.82,115,190.041
742.05,1411.42,115,190.041
741.609,1411.42,115,189.927
748.055,1435.88,115,191.584
747.22,1421.27,115,191.369
746.851,1405.25,115,191.274
759.157,1417.86,115,194.436
758.381,1503.44,115,194.237
757.934,1487.73,115,194.122
739.475,1485.64,115,189.379
739.475,1470.63,115,189.379
738.578,1470.63,115,189.149
742.33,1476.37,115,190.113
738.682,1457.8,115,189.175
738.478,1442.79,115,189.123
747.7,1442.17,115,191.492
746.945,1427.82,115,191.298
739.474,1435.2,115,189.379
739.474,1419.49,115,189.379
739.344,1419.49,115,189.345
745.059,1414.23,115,190.814
744.004,1415.52,115,190.543
734.246,1416.53,115,188.035
733.898,1441.32,115,187.946
741.893,1424.63,115,190
740.962,1423,115,189.761
744.294,1416.38,115,190.617
744.294,1703.45,115,190.617
744.037,1703.45,115,190.551
759.21,1437.01,115,194.45
758.112,1859.11,115,194.168
755.556,1862.92,115,193.511
754.116,1847.17,115,193.141
740.344,1847.93,115,189.602
739.641,1833.1,115,189.422
738.826,1826.82,115,189.212
738.826,1811.99,115,189.212
738.46,1811.99,115,189.118
742.072,1821.54,115,190.046
742.005,1806.7,115,190.029
740.974,1791.32,115,189.764
738.19,1779.59,115,189.049
738.19,1765.16,115,189.049
737.734,1765.16,115,188.932
741.246,1759.1,115,189.834
742.942,1744.42,115,190.27
742.726,1729.06,115,190.214
740.546,1739.99,115,189.654
739.67,1725.03,115,189.429
740.31,1725.06,115,189.594
739.929,1711.07,115,189.496
741.626,1706.82,115,189.932
741.001,1691.91,115,189.771
742.848,1686.79,115,190.246
741.801,1672.2,115,189.977
746.203,1672.29,115,191.108
745.428,1673.69,115,190.908
737.456,1688.31,115,188.86
736.805,1725.72,115,188.693
742.609,1718.22,115,190.184
741.441,2187.83,115,189.884
740.129,1857.46,115,189.547
740.389,2551.41,115,189.614
747.493,2566.51,115,191.439
747.493,2551.77,115,191.439
746.878,2551.77,115,191.281
736.854,2539.71,115,188.705
735.373,2523.21,115,188.325
739.306,2528.89,115,189.336
738.352,2514.37,115,189.09
736.756,2504.74,115,188.68
736.137,2491.16,115,188.521
733.919,2556.78,115,187.951
733.919,3042.01,115,187.951
733.601,3042.01,115,187.87
733.589,3027.02,115,187.867
737.304,3090.96,115,188.821
736.456,3075.93,115,188.603
734.755,3271.1,115,188.166
734.444,3271,115,188.086
734.76,3282.48,115,188.168
734.76,3268.45,115,188.168
734.404,3268.45,115,188.076
739.052,2974.18,115,189.27
738.104,2958.09,115,189.027
731.611,3216.03,115,187.358
730.876,3200.94,115,187.17
731.687,3064.64,115,187.378
731.094,3050.66,115,187.226
728.976,3122.09,115,186.681
728.976,3107.11,115,186.681
728.477,3107.11,115,186.553
729.584,3135.42,115,186.838
728.121,3120.12,115,186.462
731.697,2893.17,115,187.38
730.409,2879.05,115,187.049
731.774,2890.47,115,187.4
727.372,2869.49,115,186.269
727.252,2854.36,115,186.238
727.685,3013.64,115,186.35
726.405,2999.14,115,186.021
720.257,2990.03,115,184.441
718.974,2975.83,115,184.111
722.318,3051.43,115,184.971
722.318,3036.28,115,184.971
721.283,3036.28,115,184.705
718.323,3035.5,115,183.944
720.869,2992.79,115,184.598
718.896,2978.3,115,184.091
721.79,2979.46,115,184.835
718.814,2964.79,115,184.07
718.151,2958.72,115,183.9
713.688,2943.85,115,182.753
709.872,2930.14,115,181.773
707.444,1636.52,115,181.149
708.11,1640.46,115,181.32
705.006,1592.96,115,180.522
705.409,1523.54,115,180.626
705.409,1461.71,115,180.626
702.578,1461.71,115,179.899
699.263,1478.77,115,179.047
699.263,1463.56,115,179.047
695.161,1463.56,115,177.993
690.801,1415.67,115,176.872
690.801,1401.95,115,176.872
687.752,1401.95,115,176.089
696.736,1372.89,115,178.397
696.736,1322.6,115,178.397
692.344,1322.6,115,177.269
687.909,1327.55,115,176.129
687.909,1269.33,115,176.129
684.875,1269.33,115,175.35
681.648,1281.82,115,174.521
681.648,1266.94,115,174.521
677.219,1266.94,115,173.383
679.158,1259.1,115,173.881
674.674,1213.24,115,172.729
673.094,1214.89,115,172.323
673.094,1186.11,115,172.323
668.1,1186.11,115,171.04
673.187,1187.37,115,172.347
668.807,1152.34,117.468,168.925
669.945,1134.47,119.942,166.889
665.647,1103.5,124.369,161.821
658.591,1076.31,128.481,156.649
656.445,1072.48,129.124,155.655
651.962,1058.64,131.342,152.857
654.25,1043.37,133.445,151.467
654.25,1030.23,135.351,149.812
649.684,1030.23,135.634,148.775
646.735,1041.98,134.073,149.566
641.436,1027.42,136.569,146.555
643.328,1011.54,138.826,145.023
643.328,998.415,140.788,143.405
634.898,998.415,141.428,141.546
637.528,1002.24,140.646,142.593
627.532,995.386,142.461,139.559
625.048,972.484,146.258,136.28
625.048,992.332,143.134,138.648
620.842,992.332,143.465,137.726
626.328,982.558,144.567,137.76
626.328,984.414,144.276,137.981
610.887,984.414,145.544,134.623
615.383,964.694,148.36,133.29
605.986,965.779,149.034,131.409
601.294,958.188,150.729,129.541
601.294,973.061,148.236,131.239
596.923,973.061,148.617,130.299
599.69,947.513,152.675,127.987
595.269,952.381,152.282,127.609
595.927,957.877,151.285,128.368
581.501,968.67,150.735,126.498
591.354,952.436,152.649,126.79
582.168,964.545,151.402,126.186
578.648,971.606,150.468,126.208
578.648,974.073,150.029,126.478
565.933,974.073,151.132,123.74
560.992,960.768,154.026,121.27
567.885,955.327,154.38,122.152
567.885,961.722,153.214,122.837
564.343,961.722,153.54,122.083
563.492,970.608,151.982,122.846
563.492,968.874,152.301,122.662
558.513,968.874,152.744,121.595
558.666,975.033,151.582,122.276
554.222,979.352,151.152,121.769
550.325,998.868,147.766,122.946
546.167,985.453,150.659,120.651
548.965,985.326,150.455,121.247
544.241,1001.58,147.704,121.882
546.014,996.921,148.467,121.795
540.306,997,148.89,120.547
540.306,984.944,151.237,119.323
536.604,984.944,151.54,118.518
537.73,1003.91,147.732,120.677
531.348,998.666,149.244,118.74
527.946,986.57,151.924,116.794
523.536,1001.82,149.199,117.326
519.978,989.699,151.934,115.361
523.688,1011.57,147.215,118.316
520.608,998.696,150.053,116.374
518.72,1003.13,149.291,116.388
514.461,990.287,152.253,114.211
512.964,994.803,151.438,114.316
513.513,1005.19,149.249,115.433
510.837,1024.23,145.484,116.654
510.32,1026.7,145.002,116.774
507.797,1013.72,147.881,114.972
502.916,1032.15,144.32,115.607
500.325,1020.54,146.948,113.936
497.29,2424.34,115,127.151
496.408,1021.16,147.074,113.111
496.408,2422.14,115,126.924
493.475,2422.14,115,126.171
497.988,2427.44,115,127.33
496.728,2415.69,115,127.006
496.57,2438.77,115,126.966
495.243,2427.97,115,126.625
490.473,2389.85,115,125.399
489.392,2378.08,115,125.122
493.505,2381.55,115,126.178
493.505,2369.79,115,126.178
493.602,2360.23,115,126.203
492.002,2370.56,115,125.792
492.002,2358.8,115,125.792
489.026,2358.8,115,125.028
492.006,2378.11,115,125.793
488.652,2366.14,115,124.931
488.05,2384.07,115,124.777
485.091,2397.31,115,124.016
485.437,2355.93,115,124.105
482.678,2406.21,115,123.396
483.727,2318.86,115,123.666
480.838,2392.14,115,122.924
481.303,2299.07,115,123.043
477.832,2372.35,115,122.151
473.768,2290.58,115,121.107
471.048,2279.85,115,120.408
471.622,2271.75,115,120.556
471.622,2260.04,115,120.556
468.285,2260.04,115,119.698
460.5,2328.24,115,117.698
468.57,2244.91,115,119.772
468.57,2233.2,115,119.772
465.179,2233.2,115,118.9
455.831,2219.22,115,116.498
451.682,2287.22,115,115.432
459.033,2212.02,115,117.321
459.033,2296.19,115,117.321
455.783,2296.19,115,116.486
455.404,2294.15,115,116.388
453.973,2231.28,115,116.021
453.973,2219.57,115,116.021
450.526,2219.57,115,115.135
443.779,2244.53,115,115
443.779,2279.8,115,115
440.579,2279.8,115,115
443.995,2260.07,115,115
441.074,2262.33,115,115
438.711,2260.54,115,115
435.688,2248.78,115,115
439.005,2247.15,115,115
439.005,2235.38,115,115
436.614,2235.38,115,115
437.906,2227.9,115,115
434.771,2216.13,115,115
428.142,2217.12,115,115
428.142,2205.35,115,115
424.861,2205.35,115,115
429.758,2196.53,115,115
429.758,2184.76,115,115
427.234,2184.76,115,115
423.734,2189.12,115,115
420.238,2178.33,115,115
422.51,2170.73,115,115
422.51,2158.76,115,115
419.206,2158.76,115,115
418.89,2150.2,115,115
416.955,2138.44,115,115
415.363,2126.67,115,115
416.765,2139.29,115,115
411.889,2110.16,115,115
411.889,2099.38,115,115
409.564,2099.38,115,115
406.133,2104.21,115,115
403.394,2092.45,115,115
403.335,2104.41,115,115
403.335,2092.64,115,115
402.733,2105.87,115,115
398.042,2094.1,115.906,115
397.498,2114.17,116.157,115
393.715,2090.42,117.907,115
393.715,2078.7,117.907,115
390.928,2078.7,119.196,115
391.759,2069.22,118.812,115
387.349,2118.3,120.851,115
387.376,2114.72,120.838,115
383.825,2102.96,122.481,115
382.297,2047.08,123.188,115
379.985,2035.36,124.257,115
376.938,2032.85,125.666,115
373.866,2021.13,127.087,115
377.926,2007.08,125.209,115
375.702,2069.35,126.238,115
375.867,2007.29,126.162,115
375.867,2060.57,126.162,115
371.113,1982.97,128.36,115
368.368,1971.26,129.63,115
365.398,2024.5,131.003,115
365.877,1963.34,130.782,115
365.877,2009.57,130.782,115
363.022,2009.57,132.102,115
363.517,2016.2,131.873,115
361.2,1929.31,132.945,115
359.834,1931.7,133.577,115
356.256,1919,135.232,115
358.014,1936.62,134.419,115
354.087,1910.81,136.235,115
343.676,1897.96,141.05,115
345.717,1904.1,140.106,115
345.717,1891.44,140.106,115
343.247,1891.44,141.248,115
346.466,1897.41,139.76,115
343.504,1884.77,141.129,115
344.891,1868.16,140.488,115
341.069,1856.51,142.256,115
338.599,1843.85,143.398,115
336.373,1854.34,144.427,115
334.4,1841.7,145.34,115
335.731,1803.19,144.724,115
335.731,1790.52,144.724,115
331.933,1790.52,146.481,115
331.588,1790.35,146.641,115
331.588,1777.81,146.641,115
329.363,1777.81,147.669,115
329.429,1704.99,147.639,115
326.385,1692.47,149.047,115
322.45,1689.39,150.867,115
322.45,1677,150.867,115
321.043,1677,151.517,115
324.539,1747.61,149.901,115
321.97,1735.14,151.089,115
317.301,1687.8,153.248,115
315.359,1675.41,154.147,115
313.398,1660.92,155.054,115
314.284,1642.19,154.644,115
314.284,1628.72,154.644,115
311.808,1628.72,155.789,115
313.737,1662.32,154.897,115
313.737,1648.99,154.897,115
311.815,1648.99,155.786,115
312.651,1614.11,155.399,115
312.651,1600.76,155.399,115
311.033,1604.21,156.147,115
307.83,1589.85,157.629,115
285.948,1645.94,167.749,115
282.988,1632.61,169.118,115
306.306,1571.23,158.333,115
305.397,1557.89,158.754,115
309.282,1558,156.957,115
309.282,1543.66,156.957,115
307.898,1543.66,157.597,115
309.074,1578.82,157.053,115
323.041,1565.57,150.593,115
335.431,1538.97,144.863,115
335.431,1524.75,144.863,115
721.739,1524.75,115,184.822
1298.58,1505.08,115,300
1298.58,1491.84,115,300
2149.42,1491.84,115,300
1688.09,1530.05,115,300
1687.87,1513.71,115,300
2083.82,1473.59,115,300
2083.34,1454.16,115,300
1916.97,1474.99,115,300
1916.97,1454.44,115,300
1916.24,1454.44,115,300
1380.1,1444.33,115,300
1378.35,1423.51,115,300
1020.71,1430.26,115,261.64
1020.33,1500.39,115,261.544
1018.1,2080,115,260.97
808.781,2077.62,115,207.187
808.088,2061.45,115,207.009
687.483,2059.76,115,176.02
651.91,2043.2,115,166.88
650.823,2029.09,115,166.6
643.206,1992.2,115,164.643
643.206,1979.54,115,164.643
642.82,1979.54,115,164.544
640.677,1971.76,115,163.993
641.012,1951.46,115,164.079
660.422,1953.69,115,169.067
660.051,1938.7,115,168.972
681.886,1938.58,115,174.582
681.713,1916.64,115,174.537
693.991,1910.9,115,177.692
693.153,1896.21,115,177.477
711.388,1899.3,115,182.162
711.388,1884.6,115,182.162
710.788,1884.6,115,182.008
728.73,1889.38,115,186.618
728.73,1874.68,115,186.618
728.379,1874.68,115,186.528
734.002,1870.78,115,187.973
734.002,1856.05,115,187.973
733.946,1856.05,115,187.958
739.257,1851.68,115,189.323
739.467,1837,115,189.377
742.461,1833.88,115,190.146
742.461,1819.14,115,190.146
741.526,1819.14,115,189.906
747.649,1816.38,115,191.479
747.627,1800.95,115,191.474
737.314,1802.44,115,188.824
737.314,1786.94,115,188.824
736.192,1786.94,115,188.536
736.192,1772.22,115,188.536
736.134,1772.22,115,188.52
747.692,1771.85,115,191.49
747.692,1756.32,115,191.49
747.213,1756.32,115,191.367
752.818,1751.55,115,192.807
752.654,1736.04,115,192.765
747.98,1744.59,115,191.564
747.444,1728.33,115,191.427
750.79,1730.92,115,192.286
749.911,1715.31,115,192.06
736.363,1714.14,115,188.579
735.862,1698.52,115,188.451
729.721,1697.21,115,186.873
729.721,1682.22,115,186.873
728.836,1682.22,115,186.645
728.352,1686.3,115,186.521
727.765,1671.33,115,186.37
734.655,1662.54,115,188.14
734.34,1647.56,115,188.06
741.004,1651.64,115,189.772
740.96,1636.67,115,189.761
749.224,1637.55,115,191.884
749.224,1622.47,115,191.884
748.065,1622.47,115,191.586
744.255,1619.48,115,190.607
744.205,1603.76,115,190.594
749.265,1607.15,115,191.894
749.265,1592.04,115,191.894
748.706,1592.04,115,191.751
744.941,1585.18,115,190.783
744.701,1570.11,115,190.722
735.193,1573.6,115,188.279
734.412,1559.14,115,188.078
751.9,1557.83,115,192.571
751.398,1543.36,115,192.443
751.588,1527.49,115,192.491
743.214,1524.97,115,190.34
743.214,1508.97,115,190.34
742.406,1508.97,115,190.132
742.69,1509.88,115,190.205
742.69,1507.95,115,190.205
746.642,1509.59,115,191.221
746.642,1511.85,115,191.221
746.082,1511.85,115,191.077
746.595,1526.24,115,191.208
748.982,1777.03,115,191.822
748.982,1761.06,115,191.822
748.605,1761.06,115,191.725
746.728,1764.27,115,191.242
746.699,1748.22,115,191.235
744.263,1747.52,115,190.609
744.263,1731.99,115,190.609
743.681,1731.99,115,190.46
735.775,1725.49,115,188.428
735.775,1711.27,115,188.428
734.952,1711.27,115,188.217
737.441,1714.87,115,188.856
736.884,1700.71,115,188.713
748.796,1698.92,115,191.774
748.796,1683.83,115,191.774
748.22,1683.83,115,191.626
738.798,1690.32,115,189.205
738.53,1681.22,115,189.136
738.5,1673.67,115,189.129
737.07,1686.99,115,188.761
741.668,1676.41,115,189.942
734.057,1687.52,115,187.987
733.746,2203.72,115,187.907
733.753,2218.79,115,187.909
740.074,2224.6,115,189.533
739.359,2240.01,115,189.349
